2.917882451021258650e-03,1.797292516912778735e-08,2.231704405228499333e+00,2.009813689887927635e-01,2.573561228104704335e-01,4.828631011310459131e-01,0.000000000000000000e+00,2.666666666666666838e-02,-4.162403608111767994e+01,1.123794790488098494e+00,-1.459872923317350191e+00,-1.014079311812450535e-01,-3.170435657534634299e-01,-7.012525048346703038e-02,-2.254023495050523629e-01,-1.050815922330108620e-01,-1.564437059406450226e-01,-2.934332161786420978e-02,-6.427134813827649340e-02,-2.053256247871588502e-01,1.149714510268902284e-01,6.861680674977963489e-03,5.054183542305915738e-03,5.461036371127383007e-03,3.592864211886246262e-03,5.345328438505939778e-03,6.504347743020793930e-03,9.430552226721913844e-02,4.104750543978574751e-03,3.679910143367579739e-03,4.950530888308895920e-03,6.711668865470852598e-03,5.371575491321344681e-03,2.463850088667347144e-02
3.876615256356815559e-02,1.903943717524023062e-04,3.011002599075808028e+00,1.002730795528385677e-01,1.607934937892695482e-01,1.991949952150820768e-01,6.623468547341817246e-03,6.166666666666666824e-02,-2.855581528796330559e+01,1.330186441617358550e+00,-1.019597115952344035e+00,1.799870299324839718e-01,-3.117876312599586197e-01,-5.958199852183004852e-01,-3.702548420496635795e-01,-2.616387352717257277e-03,3.776268308810620256e-01,6.676314475619909809e-03,-2.287935288384270946e-02,-3.295249184572876522e-02,1.108358189675528321e-01,1.667441840260697195e-02,1.607607298652475453e-02,2.147685501378740133e-02,4.046250074273835713e-03,1.503556130246988878e-02,5.635896271960705306e-03,1.213874682211691682e-02,2.268358943062068374e-03,6.147660321335351660e-03,1.120924303830464486e-02,1.782920832670430167e-02,1.234030136346742253e-02,5.803280128466287158e-03
3.626511046269279004e-02,9.071092230537025885e-04,3.239438540764869146e+00,9.799327150571028600e-02,1.648609101300481383e-01,1.373410294724061731e-01,4.149799072611788132e-03,5.666666666666666380e-02,-2.653291518567296592e+01,1.668057371722823756e+00,-1.261361433326943615e+00,5.067829317552495494e-02,-2.464044509467689936e-01,-2.562254869191836759e-01,-2.889597231538741373e-01,-2.693283507130433962e-01,-1.095774507589532126e-01,-1.244871721695805372e-01,-3.154493613635173110e-01,1.049572651462176154e-01,3.564660027394524200e-02,1.031837167585099302e-02,1.842846814449938114e-02,1.233209647712305186e-02,1.554411481088915567e-02,2.356100528311412881e-02,6.905495294319104888e-03,1.182790098489569681e-02,3.718415955270007282e-03,6.489274086900218529e-03,2.570144018258091814e-02,2.415027969385980661e-02,2.825454503135722134e-03,7.684064273650982081e-03
3.459774906210921069e-02,7.883883913848322052e-04,3.170380147389763259e+00,8.631291753773494280e-02,1.464249187273109210e-01,1.361420476139009739e-01,3.702474049991898511e-03,5.916666666666666602e-02,-2.650061247858372937e+01,1.765408510172013168e+00,-9.336316988926594007e-01,2.679926318214980729e-01,-4.257168928088898019e-01,-1.524130578042700301e-01,-2.598423044047053487e-01,-3.942384333159250354e-02,1.793941547170262996e-01,7.236978870730884084e-02,-5.521674854425651785e-02,1.396400479259221096e-02,1.294109911272541269e-01,1.464533107022655822e-02,1.115581623228261744e-02,1.848708854809992877e-02,9.392864278179716142e-03,1.480736684967727881e-02,1.952746400336821675e-02,1.019781056715053646e-02,4.821957225927391358e-03,7.180771195983292818e-03,1.127889453509441607e-02,2.863609440098079106e-02,2.731864037688384525e-02,7.175357225369435182e-03
3.668195081283868314e-02,8.332688826331041557e-04,3.203733221269389198e+00,5.361131199858241991e-02,5.667705199603295663e-02,1.507152129488342762e-01,3.073862186418108069e-03,5.583333333333333204e-02,-2.637829606523812132e+01,1.811928387334493129e+00,-8.193233871801300916e-01,3.143474305007663006e-01,-1.666737605703051128e-01,-2.360491397654737034e-01,9.450005861112463490e-02,1.702144322381868302e-01,1.076863120531733470e-01,-1.506230266760969772e-01,-3.198625595242010622e-01,-2.159808758642066395e-02,-1.271992816657499248e-01,2.777746232103460791e-02,1.386457571134740163e-02,2.508309250090821202e-02,1.348994704557685519e-02,4.624281091040065295e-03,2.154222201083235214e-02,1.856137994596226623e-02,4.911853760756885318e-03,3.926930073508443607e-03,1.209945912135626349e-02,2.257801197351320954e-02,9.223639744376935581e-03,7.930864116770705227e-03
4.085035431429762109e-02,8.296233216006941363e-04,3.156879165681085286e+00,5.874189140219541333e-02,6.756799770263954841e-02,1.347966554220970392e-01,4.617334759027620986e-03,5.666666666666666380e-02,-2.666927470669677902e+01,1.494950230459563878e+00,-1.294003985072001983e+00,8.934076720460841503e-02,-2.481888547029922898e-01,-2.677351403475849989e-01,-5.366432446315397981e-02,2.618487657695789395e-01,9.481320633774822926e-02,-1.535124440765003396e-03,-3.866632008722837854e-01,-1.859843225952082235e-01,-4.653321164988138275e-02,2.280354653128941270e-02,3.024113029653633170e-02,7.069021569226659717e-03,1.472374502384793046e-02,1.882010992805439181e-02,5.411990670318923835e-03,7.379799854703390782e-03,2.582560047595176302e-03,1.066644519986869981e-02,2.627491261850092852e-03,7.297725857123110033e-03,2.226362092176406918e-02,8.626657263977304674e-03
3.876615256356815559e-02,7.896417357892884358e-04,3.153811926498639728e+00,8.798978422122774590e-02,1.476273477014319324e-01,1.472286525173956417e-01,5.157187338541343972e-03,5.500000000000000028e-02,-2.656080298768962322e+01,1.872167058705008325e+00,-9.549322822355982288e-01,3.216840813391825260e-01,-3.151823555846372527e-01,-3.126942827440943318e-01,-8.121749005167794300e-02,-8.578641833433424402e-02,-1.031227006709825172e-01,-1.568981745480154955e-01,1.360571342421567076e-01,1.335807468476384596e-01,-2.762916877148390623e-03,3.045066080016991042e-02,1.221009549385636446e-02,8.358401584161312750e-03,2.644662187184227201e-02,2.706959452964506629e-02,1.634779633226360329e-02,2.229895485878722813e-02,7.204251007751509561e-03,1.186001644186363696e-02,2.191714546469099995e-02,1.987030480816687206e-02,5.304923996661063158e-03,8.097700669678515109e-03
3.251354731137973825e-02,1.109781416234615573e-03,3.108336460007106616e+00,5.350924827866682110e-02,6.542941994099475689e-02,1.404001186599196094e-01,4.526965783397851779e-03,5.666666666666666380e-02,-2.619045837528272003e+01,1.954523482712664961e+00,-4.401830201016367905e-01,3.216217349183482788e-01,-4.679545244690833106e-01,-3.658560270673066328e-01,1.441363280403774351e-02,1.319946264485323539e-01,1.027539788189399950e-01,-4.065505111375378872e-02,-1.750075299294853448e-01,4.350257124219722438e-02,5.177717106512508966e-02,2.595741755464726908e-02,2.866360576215825837e-02,1.473980607981397253e-02,4.706769310948322182e-03,3.004680925291188312e-02,7.029159774578118761e-03,4.049076765165452590e-02,2.348957318720645837e-03,8.986015330892238931e-03,1.733107526636308918e-02,2.467641991260113507e-02,2.805560602148740937e-03,1.201444974770591624e-02
3.126302626094205894e-02,9.542690371092454665e-04,3.242939085026929291e+00,7.069831830402223405e-02,1.218360717568153923e-01,1.269093626074178083e-01,4.235857990247515921e-03,4.666666666666666879e-02,-2.646905826296309527e+01,2.012462951310259651e+00,-5.845307724179484854e-01,2.869284836122333870e-01,-2.448326236020822999e-01,-3.385117223248699236e-01,-1.318990030491790366e-01,3.205010883913789188e-01,1.336100965721870315e-01,-2.142346563364349865e-01,3.629955053941376353e-02,3.571315852074969932e-01,2.617960366987172049e-01,1.835233967365410696e-02,1.245615458129626513e-02,5.546824988928603789e-02,1.478415683250412262e-02,1.449152884186020139e-02,1.113703536676252312e-02,2.237210682258926331e-02,1.524533609999124788e-03,1.139940869433917793e-02,1.038296003564408675e-02,2.282822731925825827e-02,5.996877864690168709e-03,1.305673637149966891e-02
2.542726135889954164e-02,1.260137705634326076e-03,3.176155517579518417e+00,7.298312998406199237e-02,1.335750285916177948e-01,9.898164558108807354e-02,3.432606292278426226e-03,4.833333333333333232e-02,-2.628595655684836885e+01,2.175091679824687763e+00,-4.822553421596306733e-01,5.601052124917650366e-01,-1.767836990518512064e-02,-1.253056353497232767e-01,-1.278336725272226013e-02,4.207534318457414879e-01,2.129416868106678018e-01,7.738802028986177528e-02,1.253545794807906233e-01,1.398085389067759143e-01,1.099381987482054707e-01,2.234638544899332502e-02,2.256492748430868195e-03,4.986836952257460431e-02,1.436277452339110479e-02,7.358309870963204713e-03,3.807712272478538853e-03,5.083679752383733763e-02,1.388706945530738309e-03,1.574098454311069831e-02,1.914228064421270858e-02,3.492867596732894542e-02,7.347308121366092834e-03,1.672315477855932167e-02
2.917882451021258997e-02,1.824307152681789359e-03,2.961376901042463761e+00,6.119566826758956329e-02,1.121132719335741074e-01,7.512883648505759571e-02,4.595031552577759013e-03,4.333333333333333481e-02,-2.608582552948446320e+01,2.214351707958044368e+00,-3.538989656358328961e-01,7.422284963270560088e-01,-7.813624282106179653e-02,-3.362434948390146533e-02,4.787727488615412669e-02,3.788191076197896523e-01,3.934168748303529251e-01,3.218957900581852910e-02,-2.211173426261389130e-01,1.543085271839435627e-02,2.288863349935668645e-01,3.486882725230334296e-02,9.173301173903814984e-03,3.555010887528037983e-02,9.157919370850612847e-03,4.281025249697865964e-02,8.198111913731526102e-04,1.106224866529623152e-01,1.432955547374499755e-03,9.232202500924104180e-04,1.669397555889074597e-02,8.939871377754678508e-03,4.582158305100920460e-03,2.996169602020302622e-02
2.917882451021258997e-02,9.123793523430891129e-04,3.241956148504533619e+00,5.590538882174118235e-02,6.978199561393887140e-02,1.624699182897234306e-01,3.668682305382998336e-03,5.666666666666666380e-02,-2.655977429499783682e+01,1.901541744040665227e+00,-2.499961174378318440e-01,3.894761106929612859e-01,-3.184067696343290677e-01,1.968664041562303776e-02,-8.920367148761033232e-03,3.196073211633002065e-01,-1.582866615721324755e-02,-2.401608329814759052e-02,1.532144447205450177e-01,2.628340898267153003e-01,-5.658253474237410346e-02,1.978453371744442676e-02,8.275390921035127162e-03,1.936048691183408360e-02,8.695520913398958884e-03,4.464712423997941465e-02,1.500303313135457894e-02,8.655125788634661366e-02,2.831805292018144864e-04,8.049822457034467443e-03,6.593167635632705796e-03,6.715059670873053943e-03,4.117376616948193770e-03,2.319381222546847143e-02
1.667361400583576569e-02,4.676873244364297688e-03,2.969343028892517111e+00,4.536124291264147929e-02,8.617762131877594600e-02,3.797489282317470516e-02,8.795385481385802062e-03,1.916666666666666519e-02,-2.559226779416442099e+01,2.710231483108758166e+00,-7.599890907112934017e-03,8.241384311857627987e-01,1.751871016689083016e-01,-1.772520727928464726e-02,-1.554350195692551506e-01,8.117426515355974370e-02,4.238932339268403071e-02,-1.356694813099338093e-01,8.153686012301239461e-02,4.733932371779767112e-02,1.972453805594395482e-01,4.220022742866121057e-02,8.624443180732693000e-04,3.101010807539003600e-02,4.318809536053838313e-03,2.815572618474079108e-02,7.585549753558970022e-03,1.068892831144123146e-01,4.036951645776117145e-04,1.019392630495338098e-02,4.554197069466401661e-03,7.493563177476304793e-02,1.055078449714325767e-03,3.247845785025516019e-02
2.459358065860775197e-02,1.213624956402732788e-03,3.223391215453172975e+00,7.177966784724298943e-02,1.295543116030943021e-01,1.079488592210273851e-01,8.393783021641006842e-03,4.750000000000000056e-02,-2.633068283818085931e+01,2.184953561406449030e+00,-2.139361432577394639e-01,6.316727982661840546e-01,-2.195337896674152411e-01,-3.216531066939831152e-01,-2.581686974827908099e-01,9.569130688034971355e-02,1.639100083396767271e-01,5.973429054189331039e-02,1.438723693971554751e-01,6.288364084494844908e-02,-5.907906048719648029e-02,1.823329990205347154e-02,1.318954715835767184e-02,4.166141925676648122e-02,8.703856223668758260e-03,2.137312913603361952e-02,2.637559972408113490e-03,3.688999620795530704e-02,1.367820655084245590e-03,8.957539263401575330e-03,1.872770063370950838e-02,4.825013911223915986e-02,9.352668067983896036e-03,1.474116324473880024e-02
2.834514380992080029e-02,1.752692377791181507e-03,3.035152095626443280e+00,6.528953644333515549e-02,1.183163120601668644e-01,9.616480794693132994e-02,5.133236222581933142e-03,3.583333333333333509e-02,-2.645449418114515083e+01,2.176780794491329996e+00,7.227490624675077246e-02,6.345419841010467854e-01,1.940648601803122708e-01,-8.249195144419599335e-02,-4.063364020437582602e-01,-1.706974680749334117e-01,-4.832760596862919339e-02,-1.217328819977324811e-01,1.237486333257593052e-01,-1.018254125179219732e-01,3.443257545428747290e-01,4.649211634202329857e-02,2.699307954793952850e-04,4.389951988889748830e-02,1.161343720578963262e-02,1.175918641676211053e-02,3.160904938531287813e-03,2.503887944991417189e-02,5.179849103024269496e-04,2.454564479806207317e-02,1.557583822495177232e-02,8.363491094456501629e-02,7.395980736236146616e-03,2.352612375779230061e-02
2.334305960817006920e-02,1.432861513254958617e-03,3.122098234203771305e+00,4.866491490100116613e-02,6.170132945352854725e-02,1.189142764328788571e-01,3.914778155847800645e-03,4.083333333333333259e-02,-2.635570203966705449e+01,2.263375950738691689e+00,-3.747206390825603105e-03,5.675951516702407718e-01,1.403307823709034896e-01,-6.654705939449888363e-02,-4.884942868062086552e-02,2.187275075732570684e-01,2.514135950755947424e-01,-1.864842784138114884e-01,1.439546094119909525e-01,1.302737388655273165e-01,4.913184360112744786e-02,4.633625520936407449e-02,2.053089398818593297e-03,6.216570291863518505e-02,5.443781641520463455e-03,2.033599637331186261e-02,2.017481830208633399e-03,2.766806129226824160e-02,7.412222949597114261e-04,1.048926364388367248e-02,1.982222310850116631e-02,5.362596906591345081e-02,4.362861645673359393e-03,2.082768586483951453e-02
1.792413505627344847e-02,1.980856625738745130e-03,3.259405744907761360e+00,7.473260197072079114e-02,1.386169410281714587e-01,9.840407905576437075e-02,4.035706393327315178e-03,4.083333333333333259e-02,-2.602052967719178511e+01,2.106203229018267731e+00,6.519929614799194889e-03,6.062066592799761899e-01,6.526082984119419006e-02,-7.181597178013282567e-02,-2.496123931407596419e-01,1.138211266286736217e-01,1.345280224541958725e-01,-1.789498228153095505e-01,1.201814852103238462e-01,1.936895849721123608e-01,1.348601168863900468e-01,1.967109032853617615e-02,4.016671600439148358e-03,2.741395160511569951e-02,1.028093975187105956e-02,1.533191632918437866e-02,7.208108286530221821e-03,8.138665009106191284e-02,4.112250496291340617e-04,4.207207719330944770e-03,5.094893956854926187e-02,5.521055186444255580e-02,1.366848483867162505e-02,2.419242926631172061e-02
1.583993330554397602e-02,3.043324410178307581e-03,3.138384537567306953e+00,5.336710966174694482e-02,1.014837433239210163e-01,6.171395800265451481e-02,8.621762645141996945e-03,2.333333333333333440e-02,-2.619751160146632429e+01,2.311853574417029211e+00,1.593402458277522193e-01,7.106813474737506686e-01,4.981051274123835838e-03,-2.509607014222527965e-01,-1.601775964459910273e-01,4.509301284640194196e-01,2.509806795360158271e-01,1.258322232502448179e-01,3.680929737631320475e-01,3.948790605452726088e-01,2.767889847794246516e-01,5.682745170657500615e-03,2.522530058678839823e-03,6.449686767756973582e-02,6.444301021576349583e-03,6.592587575860933691e-02,2.150243632619764332e-03,7.402596741842135120e-02,4.804617473593167463e-04,1.021784980603027831e-02,1.726798889147281935e-03,4.410065941457331357e-02,7.631194944508767203e-03,2.797828903837030687e-02
1.792413505627344847e-02,3.397285418230166967e-03,3.102213028496834113e+00,7.072935859395412805e-02,1.395074803253500695e-01,5.353868861043245553e-02,6.136639162781627743e-03,3.250000000000000111e-02,-2.604014706643617671e+01,2.113805247457772207e+00,-2.239950615264459655e-01,8.360755153326444589e-01,2.465470751383955494e-01,1.944361328283581714e-01,-1.474377332210979330e-01,1.798506569801805177e-01,4.316244184505375614e-01,4.417163571950812051e-02,2.079948405809144141e-01,2.052771096414568175e-01,8.842899866589576385e-02,6.165048408633756402e-03,5.235557824120373564e-03,9.762590158307597743e-02,3.000470597979682571e-03,1.219296057500054466e-02,1.034983008328605554e-03,1.113205585111844836e-01,3.007204275920337551e-04,8.402263104466643762e-03,7.825622076523160164e-03,7.083861268417369905e-02,6.453610464664590908e-03,3.898944456722741592e-02
3.251354731137973825e-02,1.557687589639042544e-03,2.779779630123667467e+00,4.922514045879718830e-02,5.735651155167820897e-02,1.120109835696352363e-01,7.862831773600710214e-03,4.333333333333333481e-02,-2.609489714872221811e+01,2.044388704173336624e+00,-2.008312194923358440e-01,8.431539074452389926e-01,3.755536952573024223e-01,1.439625256492245153e-01,-1.290792940026672386e-01,2.963091832714511709e-01,3.459742390233635501e-01,-4.473420375323981790e-02,-7.930981184146514151e-02,-1.815379093408387434e-01,5.538249818752549042e-02,2.177634381844878106e-02,6.666953889187159435e-03,4.916665212920769829e-02,8.027831796145279072e-03,3.460380692555509868e-02,2.724591452515366923e-03,2.894579401524570092e-02,1.105501762036880482e-03,5.910031134501660295e-03,2.355652702402635107e-02,3.501114648976066251e-02,1.234693197967959635e-02,1.474837181633622749e-02
2.125885785744060022e-02,3.151474071531347714e-03,3.072278334068571315e+00,5.919662449818990230e-02,1.203032619530653158e-01,4.994060076200913800e-02,6.592635942782246704e-03,2.249999999999999917e-02,-2.600462268585459569e+01,2.556093403504795525e+00,1.610400489388158496e-01,7.571937394864647342e-01,-2.370177793699866919e-01,-1.162499655776426666e-01,-2.537928494138574909e-01,3.535128285184456765e-01,1.458856936844899199e-01,3.582703642582189124e-02,3.956805319744036153e-01,2.956757958442960965e-01,-1.513380642679416910e-02,4.490232963633529993e-03,6.252656355924662672e-03,5.110329347739517997e-02,2.440837217655335116e-03,4.316526455756510700e-02,5.892720301401840714e-03,8.841751387138523099e-02,5.562899066733223170e-04,1.848815867390198736e-02,2.021073979574744897e-02,4.426804324087019876e-02,1.328813734763142906e-02,2.557725066822310808e-02
1.834097540641934157e-02,2.848329463777937200e-03,3.060961137477918648e+00,4.448968989940511876e-02,7.274755941474914112e-02,5.896736473821181934e-02,6.137111707087630416e-03,2.166666666666666741e-02,-2.612041268388117032e+01,2.518502760928866380e+00,2.969334491519342034e-01,7.918692424285751486e-01,3.130071124712506536e-02,1.018487959227390299e-01,-2.495135228693475538e-01,7.553862687691363653e-02,2.857510561739297628e-01,-9.548942488220350799e-02,-6.567045618423078893e-03,1.133287897237617164e-01,1.643826788042757892e-01,7.146883876070722619e-03,2.614724521747075793e-03,9.009947358140647788e-02,1.936064460529549058e-02,2.235949646418274386e-02,5.481791372874474100e-03,3.709695573486680720e-02,1.384629031178612494e-03,3.591668035262962373e-03,5.120292478826516877e-03,8.999399144435032971e-02,2.538396844507913308e-03,3.129064101109155921e-02
2.792830345977490719e-02,2.087228129344355539e-03,2.971389231769209438e+00,5.269819875043769281e-02,8.987843430514541598e-02,8.045071224504844742e-02,6.025034630497624888e-03,3.833333333333333037e-02,-2.609940705057167420e+01,2.238011657535073695e+00,-9.691672170007514797e-02,5.729944669532127666e-01,1.849119835698943559e-01,1.701440034032253579e-01,1.712123178565222448e-01,4.225330873118162134e-01,3.320179492065218896e-01,-3.395438672700636096e-02,1.266696055568005408e-01,9.250783922801877890e-02,-6.503117595258875450e-02,1.225041365890762977e-02,6.894846558551085206e-03,1.115495180518250445e-01,6.165204533829014497e-03,2.982841128494455665e-02,8.179100975403105420e-03,5.780462783233999285e-02,1.095408345510948817e-03,2.034702381257815461e-03,4.823039326833035781e-03,2.497006190129899897e-02,3.704551635306959322e-03,3.109021372969965682e-02
2.375989995831596577e-02,2.768940377111392143e-03,3.091950651533324823e+00,8.252038285921010907e-02,1.578768028921170019e-01,5.855098528126441437e-02,6.811225998309924923e-03,3.833333333333333037e-02,-2.621061415137729611e+01,2.081924844988281897e+00,-4.238697428055872019e-01,8.724350625108294732e-01,1.097230172782099195e-01,-3.637190820799292290e-02,7.987850544196165026e-02,3.412363656845577853e-01,4.813380446629805798e-01,1.987050840138246399e-01,1.396796792979219937e-01,8.483818734772614889e-03,2.441886722175835578e-01,7.078904968347005458e-03,7.330185493110527584e-03,7.876924893099100655e-02,2.767985688443556219e-03,3.441041182197092374e-02,4.346232455673797526e-03,1.369824261400048870e-01,3.883920659228841128e-04,2.869036618816814353e-03,8.859067353772105344e-03,3.455051260589669243e-02,1.934520920656535720e-03,3.981096248614932748e-02
2.084201750729470712e-02,2.583289951067989452e-03,3.026646639380758508e+00,7.001683928204514851e-02,1.363952242368653422e-01,6.237467849206792397e-02,6.162462659627318540e-03,3.500000000000000333e-02,-2.605822441998855155e+01,2.322900675845121388e+00,-2.647945229911093379e-01,7.706653060517464349e-01,8.861392658124922495e-02,1.846772937673589812e-02,3.138579564012843742e-02,3.442166869682656838e-01,4.115699539693187248e-01,1.766303479622999273e-01,6.927886415249762120e-02,3.495780136929431403e-02,4.116601480151636794e-02,2.209105680194789218e-03,2.357132180498027613e-03,1.173560905876907950e-01,4.219527600645058690e-03,1.636386532474135361e-02,1.268168591812900408e-03,3.727090237307426057e-02,6.531364119084095239e-04,3.611942873629008476e-03,1.460958478213168245e-02,6.992833626145450454e-02,9.915816364124866583e-03,3.434154315570910054e-02
3.209670696123384515e-02,9.604004900477347388e-04,3.146855230926852265e+00,6.397944580767311873e-02,1.040682993521148819e-01,1.277799408725949215e-01,6.245831692051469382e-03,5.333333333333333676e-02,-2.668015852651066311e+01,1.980856406327284880e+00,-1.612426925240231790e-01,7.570415665011513973e-01,-1.740282479439065610e-01,-1.943979880166419871e-01,-1.180965626734812035e-01,1.986730131386521547e-01,3.236267758712349507e-01,1.682908051625298940e-01,-1.438878215704934294e-01,1.158022698555810637e-02,7.051688158124234940e-02,1.743592701054025654e-02,1.595122685856854503e-02,8.259728768027108092e-02,4.886549927081587294e-03,6.507632286456271203e-03,7.507919991114912414e-03,3.465490191106941620e-02,1.518124679110971920e-03,6.847765217899522659e-03,1.564868388966286772e-02,5.131497891589873600e-02,7.200305050892235464e-03,2.307321326339171683e-02
3.251354731137973825e-02,1.166330313236729234e-03,3.270545651591862502e+00,5.154264220688539733e-02,6.695722196439182761e-02,1.054036050729560553e-01,4.765095718246245907e-03,5.416666666666666852e-02,-2.630087962071207031e+01,2.040702958872287365e+00,-6.360143298752370944e-01,4.885017325456402215e-01,-3.907433549433761977e-01,-3.068219845739799667e-01,3.028997442134400558e-02,3.504416328406664838e-01,2.706901310766812729e-01,2.287211952649752800e-01,2.525244928306423220e-01,2.398706191019567002e-01,4.575569092856575648e-01,4.831601505699860931e-03,1.016953949826344440e-02,2.600321730704159909e-02,3.536650749003707270e-03,3.048658998633862680e-02,1.414455365012887850e-02,4.194704696374737529e-02,2.612119007802933199e-03,7.213176644711616521e-03,3.023783359065071452e-02,2.718935874812456951e-02,1.532762804215494906e-02,1.240381340769596170e-02
2.626094205919133132e-02,1.479814545364061722e-03,3.150434680979574686e+00,6.169969315969982271e-02,1.071086521536595282e-01,1.015198596437562328e-01,5.089738058423206278e-03,4.499999999999999833e-02,-2.635388234612599234e+01,2.282319689405379659e+00,-1.061295275180858255e-01,6.908738634881751439e-01,-9.964931861398890200e-02,-6.387405405523678692e-02,3.337803175681390844e-01,2.268542073854038499e-01,1.886688760678676136e-01,2.918509228831933644e-02,1.524065960892123373e-01,1.542570065648046496e-01,1.957042321906491134e-01,1.004694950489958341e-02,8.846599313496891987e-04,6.051218192324493705e-02,5.931322558941439296e-03,4.695452348518244778e-02,6.797274995552984519e-03,3.632667265017618108e-02,8.299910854387668223e-04,3.087878955197993682e-03,1.805408469565988189e-02,3.801344852447283151e-02,2.634696741671071086e-03,1.988752814144209916e-02
2.417674030846185887e-02,3.381582890743989583e-03,2.852160003785567888e+00,4.360313068364833622e-02,7.244898970175026043e-02,3.675216317878639283e-02,6.353978384387504175e-03,3.333333333333333287e-02,-2.601799273842179971e+01,2.375164488606288149e+00,-3.623551063287196450e-01,8.281008667909230958e-01,2.278552224227543138e-02,3.670847248821512698e-02,5.757594311202986898e-02,4.042034526805202699e-01,5.288867075894744252e-01,8.409919716705849257e-02,2.039891091264166012e-01,2.288613225754638769e-01,2.304195160840818435e-01,8.400090615491512605e-03,3.607727710254078016e-03,4.131526638395677242e-02,3.432548101315074929e-03,2.566868048674697186e-02,2.926556988108394881e-03,1.024427688316293383e-01,2.602223722996743283e-04,9.637254865048438092e-04,1.659879793964226177e-02,9.930936752155372638e-02,1.441674243232537837e-03,3.568785168049533330e-02
2.084201750729470712e-02,3.527768007738888659e-03,3.075380606930498750e+00,6.627541013201886100e-02,1.332216898364682045e-01,4.949690253939859758e-02,4.349745674362858437e-03,2.750000000000000014e-02,-2.599354012771706124e+01,2.547453284074398638e+00,-1.941846554079697806e-01,8.240083000429169191e-01,1.383416551296257346e-01,-2.124092917979836844e-03,2.148976805981132054e-01,9.599106643203908495e-02,1.692698080324378240e-01,-2.059166764306262776e-01,1.056698384403909063e-01,1.451521124786113448e-02,1.726652401332957609e-01,9.374299585165002391e-03,1.797188091911957122e-03,3.358141229575169889e-02,6.238371500073403193e-03,1.108200189885948962e-02,1.214249896350047368e-02,6.935364195274752730e-02,3.739878271594239585e-04,8.482061778294565672e-04,1.171708998990931595e-02,1.360606378109002201e-01,7.678234459503831179e-04,3.853417683261158716e-02
2.501042100875364854e-02,1.430769523966489041e-03,3.107256091886743121e+00,8.600877846192986342e-02,1.574420714239595231e-01,1.060583202982545575e-01,7.742144977864262936e-03,4.916666666666666408e-02,-2.622533501840157300e+01,2.121772007292737516e+00,-1.720252152452764194e-01,6.074482974524072487e-01,-3.139223257370972187e-01,-2.460671915860177250e-01,-9.900167182545289990e-02,2.366096790510464620e-01,1.119023394780244429e-01,-2.012754356929120914e-01,-3.426417438637987395e-02,2.333393362138069804e-02,-6.829928329768364392e-03,2.715240144347288304e-02,3.902168292436974072e-03,5.048900357646488035e-02,7.575408236852357660e-03,1.426235894650693115e-02,1.047004611364923954e-02,5.635726048901321811e-02,1.017630972310524682e-03,2.346376552150235533e-03,1.115662270607352922e-02,6.650699499674711523e-02,5.250606371847062366e-03,2.226323132773241897e-02
2.334305960817006920e-02,1.257387072185067820e-03,3.251866752194173316e+00,5.514277164510885537e-02,8.264234036184865684e-02,9.598217404134097575e-02,5.050523863935991661e-03,4.750000000000000056e-02,-2.658701068424448977e+01,2.117173559863726684e+00,-1.702950003801532719e-01,7.444976187862598627e-01,-7.135418177291524833e-02,-2.247123934994780525e-01,-1.542734340430469654e-03,3.348621774484442093e-01,2.829472146465323301e-01,-6.585962851009773134e-02,1.499032713297686059e-01,-2.798467439451350625e-02,-4.618509547023125911e-02,6.063605744493116151e-03,1.297752759209122066e-02,3.031621515409779061e-02,1.705902403228198513e-02,2.386294518261013273e-03,5.141374030147725233e-03,2.641362115160354046e-02,1.328472916467191445e-03,1.727144125676037621e-03,1.447211042748196633e-02,8.419462243145880986e-02,6.707181624048602284e-03,2.209885078644126602e-02
3.126302626094205894e-02,1.410546777057256583e-03,3.155808434449506539e+00,5.961013136158326009e-02,9.524307318487765239e-02,1.062049945426579572e-01,6.109668852442718366e-03,5.500000000000000028e-02,-2.592621178393484982e+01,1.938241057472999573e+00,-3.251108400903958695e-01,7.872245217288056374e-01,-1.857245467683574236e-01,-2.748773131340674913e-01,8.691880789198303198e-04,3.045728031887577902e-01,2.110864167197279151e-01,1.219942415800152891e-01,-1.394169241190528763e-01,-1.962113384867927857e-01,-1.576080376435581853e-01,1.416376656632365241e-02,9.309389718213229720e-03,1.768748613470653985e-02,1.953530538054723195e-02,1.454715232924013758e-02,6.193764489338386692e-03,4.935794247886920311e-02,4.065935927535124783e-03,4.269549535401954629e-03,3.494591423762078569e-02,2.117904470659528332e-02,1.410113801584091976e-02,1.264517323237009452e-02
2.000833680700291745e-02,6.214355092266542896e-03,2.615158879372291523e+00,3.695448567404847201e-02,5.871438434044594368e-02,2.116878333864071968e-02,1.835669030149730818e-02,1.166666666666666720e-02,-2.606431460967616687e+01,2.544102959879437797e+00,6.875101729954982699e-02,1.348094182208361635e+00,5.396247273812707634e-01,1.896516053832817128e-01,-6.504943855795385088e-02,1.221750763975175263e-01,-1.353116852316883223e-01,1.904500525468816041e-01,4.666110538464073310e-01,2.737820984002914959e-01,-1.070909181087796869e-01,3.200176210825192262e-03,1.322320669457121992e-03,9.445186378696572571e-02,1.713545694455664977e-03,4.291188064053901019e-02,3.228121663552965207e-03,2.072600871420721136e-02,1.182973133331280483e-04,1.186529567268404745e-03,1.889386317102392451e-02,1.097409405603776422e-01,1.577726664083793163e-03,3.670584165195882320e-02
2.459358065860775197e-02,1.931072412274312169e-03,3.235596434331962090e+00,6.093487863790906373e-02,1.103764023914948905e-01,8.265458513832517340e-02,1.575508156559992518e-02,4.166666666666666435e-02,-2.592234528041267083e+01,2.307567262611871506e+00,-2.432116721810625992e-01,5.341791421721778788e-01,1.492331892494775381e-01,-4.307253536351939027e-02,-1.950342508528020158e-01,2.126968027734584543e-01,1.705086175908329948e-01,-9.985850613869044767e-02,1.143464602885941317e-01,2.808651276463050919e-02,7.758590468020964970e-02,1.817940781950616938e-02,2.564938756825693375e-03,1.745450903035948922e-02,6.986888487955310832e-03,9.817455039668121497e-02,4.316294779721227722e-03,2.605144086535624015e-02,2.450956295529955337e-04,6.105364159760155902e-03,7.432010040658170585e-03,2.189083326609897115e-02,6.761489237329442424e-03,2.541280748191630107e-02
2.459358065860775197e-02,3.291606463752525403e-03,2.957749422713402687e+00,5.438853263879546429e-02,1.085138858054023464e-01,4.984384128444796502e-02,5.410099468691661681e-03,2.333333333333333440e-02,-2.581241702257784354e+01,2.717577560523783298e+00,1.094477009379314775e-01,7.808309256854731872e-01,-1.812049020028866017e-02,-9.070454035928770739e-03,1.343379609847204434e-02,1.177434702992844334e-01,1.118044467203676007e-01,2.694406185392724251e-01,7.131135457114715082e-02,-1.425275012910923456e-01,-2.572327475872086822e-02,4.899403292356082143e-03,3.682253651579924479e-03,4.055965725178539011e-02,9.665591378535700468e-03,7.419518640154192102e-02,5.836679324425528108e-03,2.731955563625668160e-02,2.532734526888924878e-03,5.359306055023574551e-03,4.894083129995364934e-02,2.234733463245511947e-02,4.424344965738365339e-03,2.200811468349017641e-02
1.750729470612755190e-02,5.986959984232881858e-03,2.653378663283085803e+00,4.389925246746147897e-02,9.138799664694562119e-02,2.790550137869160507e-02,8.399691608157660444e-03,1.416666666666666595e-02,-2.586200986839012828e+01,2.977994036218468921e+00,2.167696674569525861e-01,8.958636437175317990e-01,1.942904121351698155e-01,8.063601505490659849e-03,-1.757823159258836143e-01,5.229872882804685874e-01,1.760401428834973692e-01,-1.817533456527263558e-01,-1.353687887366453180e-01,-1.392840067468698040e-01,-3.257250558958772746e-02,2.730714998681058048e-02,2.778141168253132377e-03,6.775933008707425709e-02,4.991450561857879373e-03,4.537590952275476902e-02,1.008960861118197994e-02,6.109197860655122408e-02,2.527237951301913432e-04,2.558158577211314816e-03,1.287241359989604698e-02,6.144365111218980796e-02,8.689377913116467069e-04,2.556199478052305352e-02
2.417674030846185887e-02,1.604989514722113481e-03,3.069008949002969722e+00,5.799259756235972812e-02,9.887087636171885963e-02,1.004417463551296463e-01,1.104050675916256469e-02,3.749999999999999861e-02,-2.637007494161168353e+01,2.231276268628937132e+00,9.986240480209078452e-02,7.218340301251808810e-01,9.800020874552899108e-02,9.221258412517673031e-02,-1.386637005990638272e-01,3.423579879980973018e-02,-1.567578778678861418e-01,-3.072381216557963923e-01,4.955245305368714132e-02,1.275845214388504189e-03,1.416583118475427117e-01,1.324058981724931389e-02,3.151498983740401612e-03,5.756290341521898973e-02,1.167597642307951177e-02,4.620032886740867845e-02,1.200459015127989040e-02,4.863301692074283034e-02,3.157075816310575848e-04,6.756784609226080228e-03,6.493605257858952456e-03,5.862812601989357553e-02,3.925922584516885507e-03,2.199948847408614294e-02
1.208837015423092943e-02,1.229927390070060557e-02,2.829596127282549833e+00,4.956889826115593034e-02,1.194606530589307075e-01,1.726406345670282450e-02,1.210385201149768823e-02,1.333333333333333419e-02,-2.526508777920902205e+01,3.298063450776572481e+00,4.053959618865460302e-01,7.522508237274135867e-01,3.290908611007870022e-02,9.769596070581602898e-02,9.549341293865759583e-02,1.230336926330714703e-01,2.337561982561854046e-01,-2.850782648026566751e-02,-3.639836486432770357e-01,-3.709890907384368330e-01,-2.309791315879461959e-01,2.646388379100242730e-02,3.580343999775535083e-03,7.905203903860998083e-02,2.919363309330493331e-02,2.290989824516970544e-02,9.432997997890159216e-04,8.939519484767069479e-02,1.788310144845306905e-04,7.277046599824762464e-03,1.936360507504871972e-02,4.572345862795477306e-02,3.098300431464248023e-03,2.878010976307521229e-02
3.001250521050437617e-02,1.790688931542051528e-03,3.075899119076285437e+00,6.262288832090516510e-02,1.104604417714319109e-01,8.733247527716424263e-02,1.265116842890922841e-02,4.166666666666666435e-02,-2.625204660606416596e+01,2.109068648115843825e+00,-3.276669724593880284e-01,7.179257641268561585e-01,2.813149473278691026e-01,-1.381215558083368489e-01,-2.622226508581681492e-01,4.195846450056906485e-01,5.349846767187370622e-01,-4.460207456483653021e-02,1.691699086606075764e-01,-1.570763266951591131e-01,2.061387053398800739e-01,1.084573270788373803e-02,4.106726700343471363e-03,1.364428857373847503e-01,7.725187150315520994e-03,1.119121899617585118e-02,4.701071615148531314e-03,2.240601741809492703e-02,2.592115193392674141e-04,1.273122805008974640e-03,9.256409732922193587e-03,4.976952364992996009e-02,6.238353035584959759e-03,3.679449156152644201e-02
3.959983326385994179e-02,9.567848106686628606e-04,3.231555588606586760e+00,6.235830052649506822e-02,9.490811196875459377e-02,1.365530912527695706e-01,6.842804564525927814e-03,5.333333333333333676e-02,-2.660023561163758643e+01,1.850646767163232731e+00,-5.408323725565018503e-01,7.662673178357858328e-01,-2.308823714197017331e-04,-3.511629584764283107e-01,4.353245424714236034e-02,3.945726144596912732e-01,1.179037445437637471e-01,-2.124461401107495540e-01,-9.198822072714825382e-02,-2.724371916143769057e-01,1.889612297349988757e-01,2.855098506335559949e-02,5.754378838133240859e-03,4.206104427024372205e-02,1.536035421529855297e-02,5.221780036957794635e-02,8.210600331388489756e-03,2.989745061153148073e-02,3.570385090299174526e-03,3.269726432714711861e-03,8.665808710806495799e-03,2.920608870939032584e-02,2.472646551806927627e-03,1.612403624476869274e-02
3.584827011254689694e-02,5.243291944501099044e-04,3.195322147664476642e+00,5.436166076479877207e-02,5.842936610622734978e-02,1.449983785754923871e-01,4.926246280955458995e-03,5.583333333333333204e-02,-2.732768459458318233e+01,1.731255369183678727e+00,-4.849902334895809242e-01,7.176094538556643254e-01,7.800286396032468650e-02,-2.836966971759765643e-01,-9.732833738754782804e-02,3.593982144154646563e-01,3.446197707883424388e-01,-1.572956521529293716e-01,-8.530573615698275325e-02,-2.918527846981127660e-01,-2.717037145826027844e-01,1.207864288021498825e-02,1.614074212199384517e-02,3.289812115468929848e-02,4.162596308078731627e-02,7.989852740000673997e-03,8.746302216378335674e-04,4.189640853360931949e-02,2.754683452237137019e-03,7.123908699419993253e-04,1.851478828054436629e-02,1.651955489910017158e-02,4.918042113381502177e-03,1.431121219776344128e-02
2.667778240933722442e-02,9.403522722198302125e-04,3.224731601521602542e+00,4.274753016525085353e-02,5.623855982131274744e-02,3.959114185021597732e-02,5.063950384519701892e-03,4.166666666666666435e-02,-2.738374519517020289e+01,2.648121146190848041e+00,-5.135223953717140688e-01,7.665047026007917319e-01,1.122744070760600399e-01,-2.679520304522930441e-01,-9.922536852195763812e-02,6.946798622976634308e-01,3.052208496829403872e-01,-4.737013555122913666e-01,-1.691492547923782730e-01,-2.653870267781142100e-01,-3.163159546502757880e-01,5.355257519825244034e-02,2.426755099080073544e-02,2.868774171815188442e-02,4.949720268097664022e-02,6.315389917464407643e-03,1.404791202482036415e-03,1.227093243197015064e-02,5.135192731722662074e-04,1.397756408264254650e-03,1.778013672819636279e-02,3.289978575720339804e-02,3.993586967366373128e-03,1.786769671684607791e-02
2.125885785744060022e-02,4.176408263907704769e-04,3.213900311125648557e+00,8.152189087101185949e-02,1.535183625557866305e-01,9.399827847218332477e-02,5.004870576127218654e-03,4.250000000000000305e-02,-2.813576489946808223e+01,2.361211598918823817e+00,-2.211551575110049239e-01,6.277528195103253550e-01,-3.264349976507954949e-03,-2.065644375329420135e-01,6.723236981616238783e-02,3.034075910643914686e-01,6.143628882968711624e-02,-4.900328807735352954e-01,-2.454754289767854536e-01,-1.693156362559009587e-01,-3.688127400707811865e-01,4.651705762510224135e-02,1.312586340398727049e-02,4.826348145518440796e-02,2.675514893034233732e-02,1.756465257023864454e-02,8.399540131256655329e-03,4.497130870881059506e-02,5.895186596909287582e-04,2.175246993688452739e-03,2.314324969116800593e-02,2.095444640901612809e-02,7.724804797489717538e-03,1.628123104480187419e-02
1.208837015423092943e-02,1.327967947447937589e-03,2.859525428078710796e+00,7.262653108670522051e-02,1.579415946975316343e-01,2.785122462056898590e-02,9.817168239744857028e-03,1.333333333333333419e-02,-2.786362375857842366e+01,2.834760764698800894e+00,-4.865806214878994757e-02,8.518793725709724596e-01,3.764011951934134181e-01,3.241151674903174351e-01,-2.165816599951560506e-01,1.351210686836381569e-01,8.516268669527810031e-02,-8.352676346397769347e-02,-4.552928720905897314e-02,-5.442582491074729467e-02,2.903860260993548076e-02,9.837707941843560830e-03,1.788629911025327356e-03,9.704965646984910210e-02,6.991396957531810334e-03,1.819953566360439645e-02,1.368510308032659314e-02,1.518964871938429384e-01,4.855290448151705152e-04,3.625336095586682069e-03,3.619463923357268097e-03,3.795335179702066103e-02,6.155341919039826601e-04,4.533584585269691269e-02
1.959149645685702434e-02,5.642020614941248725e-04,2.945091253647174057e+00,7.809101189112477304e-02,1.586166918290922712e-01,4.046713750116229941e-02,6.839418391639503700e-03,3.083333333333333412e-02,-2.837312612671009404e+01,2.608971123396597758e+00,-2.811819019245513362e-01,7.087972464301937059e-01,-2.871617806975393372e-02,-1.224603176272960475e-01,-5.846525625294787115e-02,3.393117544805044905e-01,2.807482574929648367e-01,1.153140042282555650e-01,-7.323723591843533942e-02,-1.870667475304021166e-01,4.081391377755341776e-01,5.590282977393800680e-03,9.998399194837475842e-03,9.576282549531207888e-02,1.146512165970452711e-02,3.023670022309352112e-02,6.444849889396383688e-03,2.778195328187455307e-02,4.738280387391856103e-04,1.952101436527391631e-03,1.094550022443802235e-02,9.188380636352998232e-02,1.387043077938757791e-03,3.231358890619741298e-02
2.501042100875364854e-02,1.029605916108728976e-04,3.208810125694194326e+00,6.601020123219587810e-02,1.224106261879310126e-01,7.525352418589983938e-02,8.450838489700400469e-03,4.166666666666666435e-02,-2.975248849014868924e+01,2.517137902596938481e+00,-5.169643786689102072e-01,1.580269797994026948e-01,-9.431690734410166921e-02,-2.462685567847489043e-01,-1.747909270231572942e-01,2.226857988389792375e-01,-1.420188047438322443e-01,-1.043105777716368983e-02,8.553031245037612598e-03,-8.162507393873059958e-02,2.151999544504462902e-01,1.075772111105647438e-02,6.632007734745207911e-03,3.755748923194960481e-02,3.282382302199454011e-02,2.560505333981640333e-02,5.335551838878619356e-03,1.479837133499555153e-02,6.222917457345759039e-03,8.789583845324347097e-03,7.409655915936632330e-03,5.226970424805339743e-02,1.459719411634551045e-02,1.452074589512686309e-02
2.876198416006669339e-02,1.796997345723859798e-04,3.167985361606890482e+00,8.584681670623937888e-02,1.594647642477884375e-01,6.146820582223102430e-02,7.038470535290047327e-03,3.916666666666666907e-02,-2.933669495583572484e+01,2.314821897020934660e+00,-9.447040492174291204e-01,9.569990635444355909e-02,-5.570806091774868074e-01,-2.750301492619056098e-01,-3.454437966382111758e-01,3.891822784413386804e-01,6.614415833737598005e-01,2.581056416582062224e-02,-5.115193917266949546e-03,-5.091644370947422116e-02,9.284668539661976305e-02,1.128756880038660725e-02,5.894082903443104149e-02,2.541426129923327060e-02,2.358355441427694658e-03,4.816540500710085604e-03,5.579153585493318648e-03,1.938434064788394084e-02,1.218728033731402739e-03,1.394364253153240925e-02,2.318502376453756772e-02,1.679726256775257442e-02,1.712108881277001754e-02,1.487951020717614807e-02
1.709045435598165880e-02,6.226332093782586952e-04,2.954895524290392927e+00,5.492876696832341143e-02,1.186488014293882176e-01,2.334817526121028830e-02,1.648585372800713891e-02,2.833333333333333190e-02,-2.876871692998237151e+01,2.783864024446636609e+00,-2.201098073148370637e-01,7.180375440200819082e-01,2.596504397654071927e-01,1.828006241113825647e-01,-2.292924977375287166e-01,4.254968256411303384e-01,5.710986527648755917e-01,-3.980296109418520606e-02,-8.015671281593646225e-02,5.890733382476187607e-02,2.201329706925417989e-02,9.569737989864272182e-03,5.625109306720252160e-03,1.473486899136762507e-01,3.096468836699069627e-03,2.126242149455033481e-02,1.835060054279837038e-03,3.879415468808416340e-02,1.175451849643852932e-04,4.772309983710459197e-04,1.235565341151626667e-02,4.977835377213635226e-02,9.882403734777573528e-03,3.981854436658020108e-02
2.501042100875364854e-02,1.690392817324399546e-04,2.855476510423461622e+00,4.419308565720618531e-02,6.970324459472525269e-02,3.870880327939478505e-02,7.591171847307136636e-03,4.000000000000000083e-02,-2.965741847592016356e+01,2.667493852736497306e+00,-5.798074757123580225e-01,5.593199508270574327e-01,1.619682055979563551e-01,-1.498717989062624822e-01,-1.729072420410716349e-01,3.450020790662272074e-01,1.688787382329051401e-01,-9.738511602281578472e-02,-7.114110286859629678e-03,4.711173165595647361e-02,1.605810000657026948e-01,1.618781239345849082e-02,1.112598997415485290e-03,3.606336463144916432e-02,1.242942256849027122e-02,1.098365918422611852e-02,1.257625939893136820e-02,8.156728362704693258e-02,7.300999924994565392e-04,6.224834070895594353e-03,1.804027554292977897e-02,6.338162747769165994e-02,9.850080032693660920e-03,2.431162756521142165e-02
1.959149645685702434e-02,6.486759328687887599e-04,1.605958510585321131e+00,1.394127426042685858e-01,2.300536196805396394e-01,9.293548165405784989e-02,6.243494421581945175e-03,1.916666666666666519e-02,-2.848999547030886959e+01,2.726428267298250496e+00,3.435859039649149516e-01,7.039321510628839818e-01,4.547157476399098924e-02,1.325785186217975226e-02,1.790748014846788583e-01,6.368229225514029368e-01,2.989350219376661344e-01,-2.807222675055182776e-02,-5.416821854138016701e-02,-1.936926232014223037e-01,-2.706227311670852398e-01,1.526247271200335646e-02,6.515888796998312027e-03,6.175788433485571854e-02,5.399104407345926143e-03,2.309179505610139266e-02,2.041597030797258870e-03,6.296104450970428645e-02,1.080001252631248307e-03,7.953264688003006165e-04,2.848959644350994649e-02,6.121062674591030289e-02,3.235953360181986413e-03,2.420848056044517388e-02
8.753647353063775949e-03,3.269896574659942896e-03,3.168864213817115250e+00,9.790483368428933020e-02,1.991502255594351789e-01,2.545010469711401699e-02,8.807466186303531536e-03,7.499999999999999722e-03,-2.784600094996033093e+01,3.096790434463645880e+00,4.496252460169094523e-01,6.360366343591639104e-01,-1.063237840748597202e-01,2.980930542641134218e-01,5.349655910861605967e-01,5.959747039536571478e-01,1.394228695161387477e-01,-7.323586653544730818e-02,4.717015180156888116e-02,1.294198112126535294e-01,1.844837871701372201e-01,2.497614224804883040e-03,2.376185117656817291e-03,4.815618480610464602e-02,1.888025306718105548e-03,3.888557719742552488e-02,2.517618736813425490e-03,1.805435795039911362e-01,3.234356372874542087e-04,6.429565851367490328e-04,1.823596682774629094e-02,4.803584042418761885e-02,4.717999200926252588e-04,4.932485479940192097e-02
1.583993330554397602e-02,3.773932405688165594e-04,2.662966720750886029e+00,3.761932732174911448e-02,6.761672933165850663e-02,1.539558790606261086e-02,1.091217566593369846e-02,2.500000000000000139e-02,-2.917650166280945356e+01,3.041236345615694781e+00,-4.442665901686816410e-01,8.324259984895201470e-01,-1.079003660683069549e-01,2.620847988327530409e-01,1.081305708446697739e-01,3.573779035007506599e-01,4.236729121204234616e-01,1.029181639316783387e-01,2.110997496993483324e-01,4.455845535582902972e-01,1.168344806268982322e-01,1.332745994344131102e-02,2.634783547202463379e-03,5.933527693051929286e-02,1.917089833285154496e-03,4.826939946543858106e-02,2.487694944110336280e-03,5.193505740564605816e-02,3.794851720899444433e-03,7.107742866774545594e-03,4.765732908690000630e-02,1.747455361066628868e-02,5.870986982328859662e-03,2.180619359206237631e-02
1.500625260525218808e-02,1.044873663867470093e-03,2.619506665057117711e+00,4.230130384594522203e-02,1.044302946720009478e-01,1.122815215707415569e-02,1.185382116829819012e-02,1.000000000000000021e-02,-2.906508439626825435e+01,3.284715083850929140e+00,-6.297871454121596602e-02,6.796043733221450722e-01,6.069832678400883808e-01,6.157631455639041018e-01,-6.373753520482890178e-02,3.766102454913505260e-01,5.247597985193062087e-01,1.338806676391716688e-01,-2.474074864858270828e-01,-1.048133853220607620e-01,1.682924653231751833e-01,1.818324144918256197e-02,3.101475100624065742e-03,2.012287110792648076e-02,2.923510297284337162e-03,4.029145488300226591e-02,2.338024071677724698e-03,1.001391548180278063e-01,1.671312517341379256e-04,1.265201506294924474e-03,3.633815840943691727e-02,5.321839243943416592e-02,2.315066743632003370e-03,2.889334717861660393e-02
2.792830345977490719e-02,2.284419389663551795e-04,3.060574891803049091e+00,7.646882786633259210e-02,1.517275293446746498e-01,4.834769980020772046e-02,1.935736919961994137e-02,3.500000000000000333e-02,-2.927265561018265672e+01,2.615772727439862777e+00,-6.485989430571175163e-01,3.260831701477729383e-01,-2.857498952968937772e-02,-4.436822871138410701e-02,-2.203823565533335749e-01,4.682708250813923945e-01,6.653315533252249780e-01,3.607276123860623240e-01,1.497237368620264394e-02,9.933417585122211735e-02,-1.351477630961605281e-01,8.555167973268842929e-03,1.764180610214582945e-02,2.935459949435475016e-02,7.047303358485032879e-03,2.181306216975410425e-02,1.105907622532745996e-03,4.466880949047821736e-02,2.096150765742729391e-03,2.071058014825726337e-03,2.067458066275806514e-02,1.836067308850843766e-02,6.842999253417994532e-02,1.904156827047291667e-02
2.501042100875364854e-02,1.322132853712157830e-04,3.195330139018469406e+00,5.794601953317868315e-02,1.057500731593989801e-01,5.598021581155222803e-02,5.330728802849020627e-03,4.000000000000000083e-02,-2.949791749133591168e+01,2.532724110973131992e+00,-5.925212652170015470e-01,9.420168507618426057e-02,-3.054178126235342905e-01,-1.997550194030129622e-01,-4.087434476049132126e-01,1.488499355355807074e-01,3.467956537792868388e-01,8.857576851517270922e-02,-2.793050930968389856e-01,-1.367943885855345439e-02,-6.675677683035043108e-02,3.169494897480253787e-02,5.207627314766395503e-03,3.062860503577720384e-02,1.208150206900744823e-02,7.677039269335484556e-03,1.166485334451866293e-02,1.355455792222221879e-02,9.285719385106588333e-04,9.810197614575123098e-03,2.589722993969968690e-02,1.876705420314454809e-02,4.235498218161078132e-02,1.198629000329477431e-02
2.792830345977490719e-02,1.144481186300066826e-04,3.055909665854101398e+00,7.280720742671174806e-02,1.415473524377966197e-01,6.005935847193264593e-02,4.722259535965193586e-03,4.000000000000000083e-02,-2.968734500464997339e+01,2.450714650384103965e+00,-7.349157310155030043e-01,4.252583444326252793e-01,1.128053715683817980e-02,7.885363659147205662e-02,8.519836901804932194e-02,3.922351491198177165e-01,1.226147402443386741e-01,-1.593443753861480405e-01,-1.205532437082371677e-01,1.692531261678209831e-01,1.420982038298776451e-01,2.137922493531002610e-02,1.587778698101250871e-02,2.461272431756018897e-02,3.997632649688309323e-03,2.668332521827519385e-02,1.202774114034764821e-02,6.594742404515693823e-02,4.336361051878301191e-04,8.970462007265582460e-03,1.374056880793879908e-02,1.933054521072765167e-02,2.977779973821054887e-02,1.621398887277177014e-02
3.126302626094205894e-02,1.559499268735688973e-04,3.134120789389618356e+00,7.503826996740690924e-02,1.421854897572364107e-01,7.891993213266076945e-02,6.429096987458162576e-03,4.250000000000000305e-02,-2.936057993703244762e+01,2.311166318351898674e+00,-8.321178640126093429e-01,-4.097442580059526551e-02,-2.512976670566792123e-02,-4.602884513014519063e-01,-4.583239546894010696e-01,2.517643372093720799e-01,1.355255093622302898e-01,-9.050101576202611298e-02,-4.878772218897662466e-02,1.532010603169041141e-01,7.826794491554441013e-03,1.292883225973540627e-02,3.256430641443731205e-02,1.640798080101688733e-02,3.375662066225340076e-03,1.471428519293685629e-02,9.176120680809550512e-03,4.836215924820051054e-02,3.815716526441796652e-03,1.028388095013315663e-02,2.786637017563680513e-02,1.221780357458460316e-02,7.638788635535543117e-03,1.271655284134465963e-02
3.501458941225510380e-02,1.073506042322985615e-04,3.232548970195071369e+00,6.998245903953714819e-02,1.233321337889255881e-01,7.144326516162181895e-02,5.156074392536361128e-03,4.333333333333333481e-02,-2.982754394908454643e+01,1.908658467674340775e+00,-1.262211251846968363e+00,2.644574594534248035e-01,1.788757052110502566e-01,-2.413691782311242484e-01,-4.408589512037985880e-01,3.854091046175536217e-01,6.193687568336667670e-01,9.829611289218835590e-02,-1.824553043175804468e-01,-5.430979213177997839e-02,2.040664290343607856e-02,1.272443610135669256e-02,3.468353988379864472e-02,1.902866338898286103e-02,1.795738816970960869e-02,8.376912215126000594e-03,5.608701524010922985e-03,7.196229570175953494e-03,2.923617430912558122e-03,8.871574456300060580e-04,1.478096017228873113e-02,3.681436939220130572e-02,1.242043471269892348e-02,1.093354798176456380e-02
3.209670696123384515e-02,1.002362187658275227e-04,3.092325385904407309e+00,6.289991337315438413e-02,1.111565719976859296e-01,1.079084325073376566e-01,4.719495879918181487e-03,4.583333333333333010e-02,-2.976118384033017250e+01,2.211184922754625859e+00,-7.384697066026688628e-01,2.362466587494923831e-01,1.708049637423486311e-01,-5.729190856754824424e-01,-2.539862547043537228e-02,5.896526349402669842e-01,3.953470764480233601e-01,-3.834926699460376731e-02,-1.084806862122454918e-01,-1.207433026569952328e-01,5.785719506337107243e-02,8.016509198258848362e-03,8.432784956758095085e-03,2.926877858972169039e-02,1.046808665561828854e-02,9.568268357312443087e-03,4.276479745487036382e-03,1.618953482242572323e-02,2.344385655923700816e-03,2.335402573363142432e-03,2.433672909197776707e-02,5.085352294076229268e-02,2.020594449698874528e-02,1.347513344088277151e-02
1.125468945393914150e-02,1.641332317475707736e-02,2.866434631939878575e+00,5.639458821632482854e-02,1.476178376516823765e-01,5.583144103327266836e-03,2.731670231181277178e-02,1.499999999999999944e-02,-2.649123164177352763e+01,4.738968341905867909e+00,7.014875180672307531e-01,1.779232304558235889e-01,-1.995027565960073024e-01,-4.902728402590662560e-01,-6.299136497017107095e-01,3.045354525374820986e-01,1.563777705984056576e-01,-2.091379957947406970e-02,-7.998515762812601071e-02,2.698839564543561304e-02,8.855417259900966176e-02,1.197043837723531234e-02,4.262715534286757452e-03,1.218674904107402979e-02,3.022492491511232209e-03,2.022178798432531371e-02,5.602126468425418920e-02,1.017814463303636646e-01,5.248923148706761278e-06,1.745584333855981080e-02,3.160151169557631756e-02,8.746841588520211722e-03,3.837894789052308415e-03,2.812951409675911590e-02
1.250521050437682427e-02,1.315277514092960155e-02,3.155647661273938365e+00,4.367776921017747088e-02,1.168895746718547485e-01,1.943277646309407233e-03,2.679639863596683033e-02,1.750000000000000167e-02,-2.708639808897122947e+01,4.579277763160669146e+00,-2.811544619723942429e-01,6.181654276183783381e-01,-7.978084426791096084e-02,-1.102019150077763188e+00,-1.659012599788271258e-01,1.074919082303104290e+00,3.674723537109806509e-02,-4.777909410719301253e-02,3.742958475510116956e-01,-1.679513122183884100e-01,-3.801674009918012270e-02,3.682376431247304238e-02,3.393666130096038153e-03,4.120547102215884640e-03,1.223506692741119749e-03,9.862389103072544475e-03,1.420842495368331571e-01,6.591628116846581786e-02,7.386026092065622992e-05,2.400997537354886753e-04,7.127569381017290900e-03,7.293469363320789593e-03,6.611933571888462327e-03,4.021403584530532788e-02
1.542309295539808292e-02,9.288053018752984169e-02,3.184911546101172775e+00,9.232727256532585747e-02,1.854570254089999704e-01,1.708158897066724968e-02,1.955761204325068628e-02,2.000000000000000042e-02,-2.289445914319277264e+01,3.651727485758159641e+00,-6.145877750861523658e-01,-7.259461687877775959e-02,-3.848771949337789211e-01,-7.945744319374514752e-01,8.745655844597025053e-02,5.500162265108183846e-01,-2.532153534733934674e-01,-1.043152529473316270e-01,-1.356229046951330959e-02,-4.362377342363149557e-01,-1.963517560363644554e-01,4.167535961910306952e-02,6.791966576600673433e-02,4.045126096463929309e-03,2.526384568748448519e-03,1.143833036077946362e-02,7.778642263043845928e-02,3.125457110064411292e-02,1.629408210142417894e-04,1.343448243672800595e-03,1.899098277692486732e-03,1.828980456002490774e-03,5.046237022984434960e-03,2.658987960789334359e-02
1.792413505627344847e-02,1.208376094451899252e-01,3.270722690599914273e+00,7.204268602351308892e-02,1.579856593924626462e-01,8.462597606859002808e-03,2.284004628624717887e-03,1.916666666666666519e-02,-2.253125176173370647e+01,3.691874445644575342e+00,-6.659704733364000262e-01,2.519400432775655840e-01,-1.027550627783908599e+00,-7.970300737290834103e-01,1.078506054007203480e-01,2.853041206081370351e-01,-3.167764827558959273e-01,3.118271808824066293e-02,-8.618117256270156623e-02,-6.085502232160838743e-01,-3.830676063463034353e-02,7.539506564698314484e-02,4.557232184809412168e-02,3.999478915882146053e-03,4.040151466207555706e-03,7.406159624997951663e-03,7.609595390758294720e-02,2.289253917022171514e-02,7.371167217178781770e-04,2.096928549058467168e-03,2.857999204563310691e-03,4.139452002342565440e-03,7.130608507728571945e-03,2.728993174860265200e-02
1.500625260525218808e-02,1.861308586920404351e-02,2.664923406122281513e+00,4.171203311112609696e-02,1.008848220576668564e-01,2.285262615878022336e-03,1.460751744999503297e-02,1.833333333333333343e-02,-2.471209626619548061e+01,4.221775200828310481e+00,-6.707969015418218106e-01,1.066240846402501719e+00,-1.274907981246987898e+00,-1.925590894470697034e-01,7.002337952411286093e-02,-2.015077490056960685e-01,-6.015385595776372857e-02,-4.816769302900967414e-02,-2.645102405965012518e-02,-2.315054300830370060e-01,-1.928954018319597175e-01,3.243389197175799987e-02,1.079307643585842441e-02,7.799621837929647181e-03,2.910142168414330335e-02,4.270353172458285496e-02,1.101266342069653383e-02,8.434730554161766480e-02,4.063271677628503250e-04,7.473986532464506685e-03,5.715743991532516374e-03,1.316636158198235089e-02,8.149877065291169856e-03,2.259336258002817011e-02
1.667361400583576569e-02,1.327586655519887721e-02,2.535636816459614362e+00,1.017653801514351586e-01,1.984379086374780110e-01,2.660398684426189611e-02,1.195755527429778059e-02,1.750000000000000167e-02,-2.527673460928886229e+01,3.497744548223269856e+00,1.038222280763976269e-01,1.439337907014981710e-01,-1.802202287257567981e-01,-3.383879278969627036e-01,-5.834247884090587588e-01,1.620173026423459284e-01,1.949299075146006810e-01,9.605582992187078686e-03,-1.017718520623091677e-01,1.585473418454651229e-02,2.975141452482588655e-01,1.554996425234896583e-02,9.899234215209690158e-03,6.182045205605993764e-03,1.139570180336388870e-02,1.212605758773276088e-02,1.303688178085849469e-01,7.427789116920044399e-02,1.058582029084709924e-04,1.279717481906882115e-02,7.419675498919031664e-03,2.869373911956276703e-03,6.025617017738383067e-04,3.729771135134869742e-02
1.167152980408503460e-02,1.048062051561012287e-01,3.277691786038126942e+00,3.478749341539631723e-02,8.066063095125103333e-02,1.666719824475875475e-03,5.127632446775108599e-02,1.166666666666666720e-02,-2.516315362701699598e+01,3.821905304775485401e+00,-1.195181925062690637e-01,8.951670121072246022e-01,-1.881369649651828957e-01,-5.593931535296232660e-01,-9.059599741435607756e-01,5.306853482520567100e-01,-4.408737706998197003e-01,-2.066746214014751962e-02,9.172778220498263579e-02,1.998210202961459847e-01,2.643823944804541970e-01,2.271174112973924856e-03,4.193785314349359155e-04,2.603713157503745844e-03,3.489267484335752058e-04,4.032447654639365053e-03,2.850087290719261479e-01,2.444332247362460825e-02,3.815151577494832747e-06,1.008203107052249277e-03,1.786260152618293509e-04,2.629626027543922905e-04,6.458520096045278214e-04,7.813373966461187314e-02
1.208837015423092943e-02,9.515551188461157661e-02,3.272102859119500717e+00,9.235015150773466519e-02,1.850186037160958807e-01,1.806510565945483246e-02,5.125044488970857681e-02,2.333333333333333440e-02,-2.246257535517311155e+01,3.505410069347404178e+00,-7.863294142157646327e-01,-1.010103123135251274e-01,-3.589807854494923012e-01,-4.623873437178293577e-01,-5.539685297315469770e-01,9.179206131561579163e-02,-3.137012273588783429e-01,-3.149667744031532379e-01,9.129095806609120733e-02,2.107170435318797830e-01,3.321929931779359357e-01,1.264844775075262689e-02,5.723444224361228655e-03,5.944191066331678576e-03,4.094161585599638033e-03,2.931458254026501897e-02,1.406650496999441169e-01,5.389718202854359985e-02,1.432666067550765140e-04,7.646752215363044822e-03,5.750170193988617465e-03,1.136606212858784709e-03,2.406131450712070251e-03,3.856563724665230258e-02
2.084201750729470712e-02,8.621067239875492005e-02,3.178501261675320322e+00,3.849091573742654399e-02,6.654229581605734800e-02,3.283800300237804150e-03,2.018756621340126942e-02,4.083333333333333259e-02,-2.368188270260408146e+01,3.244311703144056036e+00,-1.809112134265152161e+00,1.738297513352234369e-01,3.331709253860576370e-01,-4.713790385834449315e-01,-5.618250655155090367e-01,1.023615015597921091e-01,-4.375869419210932088e-01,-5.013916873447662459e-01,9.045810513872655501e-02,2.771919355432565513e-01,6.655418993485129331e-02,1.673165683977216253e-02,7.962348903509428684e-04,5.055318054752475088e-02,4.833516126666623854e-04,2.592642955165259423e-03,1.145020454346480504e-01,2.918527068116183107e-02,3.447705337131232238e-04,1.473089771121258986e-03,2.005186839851620813e-04,2.295292985849842833e-04,7.204213986641766010e-04,3.272999329089150422e-02
2.459358065860775197e-02,7.227076389631514886e-02,3.212112347807992485e+00,9.220935110861580575e-02,1.754124487007941713e-01,2.397675848905275048e-02,1.667975710149956214e-02,4.499999999999999833e-02,-2.223754855525848484e+01,2.774134202482050338e+00,-1.577536347091074598e+00,2.502415046954252764e-01,3.041559243983402161e-01,-4.084385173262036206e-01,-2.502313840555320246e-01,2.569804804300502843e-01,-5.614765894733549922e-01,-5.609658949236224768e-01,1.762261641793784472e-01,1.488321441329061579e-01,-1.064540340072747532e-01,8.618470177510439978e-03,2.073314691722258178e-03,2.152415613111672774e-02,3.218950401110342360e-03,2.339413166924010634e-02,9.610381308724059990e-02,3.070828013028352801e-02,4.845995792585263448e-04,7.949686462903159459e-03,1.375499193137659157e-03,1.278004928450089932e-03,5.533184860647137777e-03,2.576636266256417118e-02
1.834097540641934157e-02,5.698031967664983488e-02,3.194412489152376633e+00,6.324710286977446028e-02,1.313261728763588099e-01,6.227381196738326734e-03,4.335233108931827936e-03,5.166666666666666630e-02,-2.259328366815021383e+01,3.215387626189660342e+00,-1.701578386652081054e+00,9.294191539228994214e-01,-6.172777070883218586e-01,-1.115259871746296788e-01,2.431879555321188324e-01,-2.625908390424204764e-01,-3.023358445166777764e-01,-3.611321916945565147e-01,-1.952502181939210933e-03,-1.006728423014377621e-01,6.725447278243451565e-02,1.335475431588481823e-02,2.142735996774827387e-03,4.901841093907081427e-03,3.949580619144837240e-03,2.918115367649143366e-02,1.140300350690233860e-01,5.206395269818001048e-02,3.737801104588039307e-04,6.785188386881981469e-03,1.140853397288573183e-03,1.213861149735185078e-03,7.474854290187241818e-03,3.192044657293356680e-02
1.292205085452271737e-02,6.054179427415484760e-02,3.226595029071565701e+00,8.886902455215403562e-02,1.786537791372561634e-01,1.633066274576645133e-02,7.932957384488327490e-03,2.166666666666666741e-02,-2.314411736128638708e+01,3.390758364130576297e+00,-2.547439594764284165e-01,7.678598962717022580e-01,-8.274609478831516096e-01,-2.431070764566912457e-01,5.488929314997980091e-01,-4.540448781279423640e-01,-9.242457803892768775e-02,-1.827303764490577076e-01,-7.336852134341975695e-01,3.359739012357706445e-01,1.558187807458416840e-01,1.423408432771396288e-02,3.663556268823061138e-03,3.024033883995344129e-03,2.353556794692898430e-03,3.174593815777192879e-02,1.753578727542537963e-01,3.082185732074072676e-02,2.266911966485948707e-04,2.479365237262582712e-03,3.737032570761858723e-03,1.536574634688282412e-02,3.830750410347934405e-03,4.686272448789682160e-02
1.167152980408503460e-02,7.031871194801132818e-02,3.288294723259074459e+00,5.041466038211124545e-02,1.349671148724747582e-01,2.148207866264785666e-03,2.146011323472753890e-02,1.166666666666666720e-02,-2.531464156164006596e+01,4.543355590841119174e+00,5.534930627563239974e-02,5.594003976872080619e-01,-2.939771305044379113e-01,-3.536104895020807937e-01,-4.098888067847365480e-01,-3.850437645906142903e-01,5.449917986625496535e-02,-1.356024206428387002e-01,-4.333483341493549884e-02,3.734612047127199297e-01,9.629588019336843274e-02,1.043507591186185711e-02,7.840702440998249811e-04,1.845143540197928533e-03,3.774158697643244503e-03,1.448614590661497815e-02,2.514295781551674769e-01,2.614715869991657282e-02,8.930141952334666260e-05,1.545200712379734241e-03,1.042217682152858085e-03,4.480938449612449116e-03,3.734640078654857158e-04,6.826241329759093202e-02
1.834097540641934157e-02,5.952972072981543156e-02,3.186050558269530875e+00,5.934544514333662396e-02,1.268437541961099091e-01,6.382302868682352900e-03,2.616543521141917808e-02,2.333333333333333440e-02,-2.354962550490987994e+01,3.131123245892302176e+00,-4.383308588131194505e-01,6.541645647809795835e-03,-1.170251205488531232e+00,6.915630597582422823e-01,-5.814561220605695135e-01,-1.788391869964769607e-02,3.911258215106576119e-01,-3.548526720817334335e-01,3.247901045303683287e-01,5.736330774974131019e-01,2.487271870036193711e-01,1.934353554217885934e-02,1.250934682421883529e-04,1.328715407253799755e-03,4.099809932068487436e-04,1.945290922626114957e-02,1.328954026416503675e-01,4.566233898938134445e-02,7.918962416872893991e-05,6.829805410637880027e-03,5.317646715657703329e-04,1.322265139488648916e-03,6.693818508925273268e-03,3.652043887960976232e-02
1.542309295539808292e-02,5.581963962723678063e-02,3.194465214583875223e+00,1.488101823858649919e-01,2.304283390114333085e-01,7.204584686321303943e-02,6.469632445340543422e-03,2.333333333333333440e-02,-2.259095400246004459e+01,2.394006274814114210e+00,-4.032789446300346081e-01,-1.760498969003312653e-01,-3.839358179206408539e-01,2.980785571668642664e-01,-2.220645191342030533e-01,1.741602499354851646e-02,-1.879544017762154462e-01,-3.792565225381661631e-01,2.261322538614637112e-01,1.874831490731127259e-01,2.205636424191407263e-01,1.695901733711037071e-02,1.765968748093176303e-03,1.508213238398126328e-03,3.066219639676754510e-03,1.584789704276275135e-02,1.304415975309141384e-01,4.226824860055673067e-02,3.388121518467636459e-04,2.833916803158044212e-04,9.690119519371828173e-04,1.783682617293706144e-03,4.312405959910481888e-03,3.577876360151158175e-02
1.167152980408503460e-02,5.076229333337392569e-02,3.263119418111414483e+00,4.912560805354068000e-02,1.225051950099528830e-01,4.158156747082626323e-03,1.037324934273274601e-02,2.166666666666666741e-02,-2.439886655240123048e+01,4.187736044399885671e+00,1.845035328359385107e-01,-4.188498060962315139e-01,-6.336981650496649188e-01,4.950637210001203603e-01,-7.320433118613960399e-01,1.248024242503828624e-01,-1.840098907415822771e-01,-4.036509314732956710e-01,4.811830556334902309e-01,2.863785371647051825e-01,2.897149007213967731e-01,7.289636523370363053e-03,2.730185431882873530e-04,3.606360450110856868e-03,2.802724309360110806e-03,3.468104813917439327e-02,1.547513447993320856e-01,4.971001818218993840e-02,9.337046118506207230e-05,6.426571395726610181e-03,2.223467102054987529e-03,5.451551054925224751e-03,1.486518861094827081e-02,4.218774124633393324e-02
1.125468945393914150e-02,5.215696537590320397e-02,3.276940024396234108e+00,8.164270730396767928e-02,1.803873277141076759e-01,9.578953629218197804e-03,4.685816809696942073e-03,1.499999999999999944e-02,-2.500466876601026911e+01,3.957631189202419630e+00,5.273494576514342613e-01,3.682887430344292667e-01,-2.708462187956635070e-01,-7.646981749409967888e-01,-6.918705309639364698e-01,-7.348773394572667705e-02,-1.343877463647631942e-01,-1.574610024122720664e-01,7.822575720769409102e-02,2.786645404671282966e-01,1.199582448247894229e-01,3.727053051455756893e-03,1.754111565633153906e-04,2.992799908203042699e-03,6.493301450736129778e-03,5.909888963591578004e-02,1.592019086379187764e-01,4.536214593630338160e-02,1.621560452273356474e-05,5.076814093670382021e-03,2.831001471888183133e-03,4.026585986608186701e-03,1.424698654273599298e-02,4.430042866092162579e-02
1.125468945393914150e-02,4.924718197101059236e-02,3.255982487222327748e+00,8.466520995478493683e-02,1.834390359074145327e-01,1.029388585987067208e-02,1.636402453233585554e-03,1.250000000000000069e-02,-2.480821255595614261e+01,3.850777241558779096e+00,3.037221006816939739e-01,3.489744356614313259e-01,-1.601644339562365571e-01,-3.376582271140413094e-01,-6.761692378511517942e-01,-4.260822012487840427e-01,-4.031220276980149730e-01,-3.042059159686105740e-01,-1.953312858069565852e-02,7.669527849325745439e-02,-1.231750564555016275e-01,4.011122955681141640e-03,5.806678103784310152e-04,6.050474762047930964e-03,1.004800959162320886e-02,6.998868513686067050e-02,1.507364520111878214e-01,4.824471064923986641e-02,1.326000958241910818e-04,2.440643023388093264e-03,3.207974924535110517e-03,2.934523708950438365e-03,7.765587206180005371e-03,4.318218057165437024e-02
1.042100875364735356e-02,1.858286813278881358e-02,3.090531144766740290e+00,9.623839985317392265e-02,1.958298355285323367e-01,1.899741290767141544e-02,7.715688812662456486e-03,1.250000000000000069e-02,-2.561217832659120930e+01,3.653983242601938297e+00,4.836177487189738389e-01,3.909120774400680065e-01,-5.730551756316979578e-02,-3.325142500028739345e-01,-2.949541429030363981e-01,1.576151885446051143e-02,-1.385548415079218554e-01,-1.455624287179421716e-01,1.863661555320311747e-02,1.990605294694160476e-01,9.054076674971373029e-02,1.355474956727499049e-03,8.133223481926558094e-04,1.470620040490881438e-03,4.584230814947191229e-03,1.423045289132891522e-01,7.127444891767935331e-02,4.359276793550529577e-02,3.488139714737520109e-05,3.375722590844671095e-04,1.860702971185351773e-02,1.004172805084133438e-02,6.524066660537886780e-03,4.102769518935818482e-02
2.501042100875364854e-02,9.193236587126343449e-04,3.033854392321759352e+00,3.837948897408677978e-02,6.027553107534051186e-02,1.726843119554385964e-02,2.373201157828827568e-02,3.333333333333333287e-02,-2.751227689468785087e+01,3.135908584729060866e+00,-5.478963194768211586e-01,4.259905677664025392e-01,-2.570074290258969052e-01,-1.297122342391809902e-01,-4.877668769599657339e-01,4.096917430494780715e-02,2.507950969718520939e-01,-7.649917717728348110e-02,3.857732823760699065e-02,-7.057823228744572464e-02,3.157125722974815640e-01,6.794186732542993080e-03,1.799331724210672181e-02,6.902962732552163361e-03,9.162463213992277922e-03,3.878034624762794619e-02,3.734925623241045628e-03,2.918166032273135022e-02,1.891819566231425559e-03,7.085913913829992861e-02,2.109095993477350800e-02,2.113098033103580006e-02,1.270522259216959500e-02,1.857237822034029512e-02
2.667778240933722442e-02,3.810196372125005033e-04,3.096891453699811336e+00,7.577335027081645580e-02,1.461639817458926516e-01,5.534296034175428813e-02,9.155193372240574140e-03,4.000000000000000083e-02,-2.811936195695738760e+01,2.485406383577184464e+00,-2.831341325631183126e-01,5.544052343628679269e-01,-2.499406662342133489e-01,-2.849719452192722158e-01,-5.734067757085545836e-01,2.989271895820790892e-01,2.788660298958812733e-01,-1.031746056666619921e-01,-7.734887150593294791e-02,-3.739888536025787191e-01,4.144114080968778202e-01,1.776507025648010191e-02,4.226762804525884508e-03,3.579400454044780189e-02,1.012254403575945164e-02,3.410989644299226853e-02,3.415986121057555669e-02,3.040772894301235763e-02,9.363726892502954955e-04,2.858469092027073229e-03,1.526880519359219597e-02,1.578109817671906334e-02,2.025347036502053721e-02,1.217326919174140445e-02
2.125885785744060022e-02,1.719938948625029723e-03,3.201537447555463878e+00,8.080197033884647939e-02,1.620766215744932348e-01,4.566948973971347164e-02,6.684178547851932911e-03,3.666666666666666685e-02,-2.657801722341251249e+01,2.788241277782984806e+00,-3.156666933899348049e-01,6.682672049673555881e-01,-2.536323051686539265e-01,-2.720260965114340568e-01,-1.382923876986665301e-01,4.047905865337733111e-01,4.529691923622166105e-01,-1.526742771851193753e-02,-2.074908107253301548e-01,1.440979450934767869e-01,2.373878074117054815e-01,1.518287395053332170e-02,1.127876057949581470e-02,1.206502157019738800e-02,6.267378731208575991e-03,2.996170949542165465e-02,6.659048400813591395e-03,7.262035070320739527e-02,6.895417725783771446e-04,7.779962173234278126e-03,1.189882875161080676e-02,8.213383791785984489e-02,2.851303684771970808e-03,2.599382715034261396e-02
2.751146310962901062e-02,1.601968973713721470e-03,3.158179106719369411e+00,5.888005973585929559e-02,1.144760868916290530e-01,5.858346946351747353e-02,6.351758302772144045e-03,4.083333333333333259e-02,-2.668793743434804711e+01,2.504163333702248195e+00,-3.953498149387860150e-02,9.632913961058192642e-01,1.372343440247888735e-01,-2.926881654767574115e-01,-1.393499491350873865e-01,3.719764750097027117e-01,5.729076758392482871e-01,-1.505536174664801052e-01,5.646825090981596670e-03,2.110116409258811498e-01,8.043065316619572858e-02,6.167747766875933749e-03,1.096004776362602233e-02,6.998364284264781132e-02,1.119661770328569256e-02,1.860984796403431993e-02,1.219568035740966651e-02,7.119369553002477535e-02,5.497374210027526371e-04,1.285333278258699030e-02,1.425308604146776660e-02,2.722946991869389793e-02,7.822142990651610034e-03,2.264101993210807309e-02
1.667361400583576569e-02,2.354754705070552859e-03,3.038105795629936434e+00,4.228239000733104158e-02,6.211923709071548450e-02,4.904326956353816797e-02,7.626585277001690644e-03,2.583333333333333315e-02,-2.642173855400679372e+01,2.391727016065917422e+00,7.149934003418360884e-02,7.164419052210247996e-01,-8.038372637414954724e-02,1.736417854779747361e-01,-2.215372493778563698e-02,2.457228865850687449e-01,3.673876779328203446e-01,-2.630643324076888806e-03,2.081821000408977940e-01,1.567656976611408320e-02,1.093806501243144158e-01,4.279421803745425516e-03,4.111630417963224593e-03,5.376473951564712805e-02,1.200303189906815060e-02,2.026151477817699637e-02,6.278172708945069583e-03,4.444437518289075933e-02,1.431327358096876187e-04,1.024587754521156212e-02,3.991945507884671167e-03,1.176616070029775085e-01,8.640996020134484321e-04,3.293742947311120023e-02
